rank,team,metric,dimension,dimension_value,team_value,league_avg,std_devs_away,sample_size,interpretation,entity_type,player_id,player_label,posteam
1,T.Thornton,air_yards,receiver:shotgun_label,Shotgun,27.1111,8.092,11.554,36,"T.Thornton [receiver:shotgun_label=Shotgun]: air_yards=27.111 vs league 8.092 (+19.019), n=36, z=11.55 — 11.6 std devs above average",player,00-0038104,T.Thornton,KC
2,A.Jeanty,air_yards,receiver:pass_length,short,-2.0845,4.2779,-9.752,71,"A.Jeanty [receiver:pass_length=short]: air_yards=-2.084 vs league 4.278 (-6.362), n=71, z=-9.75 — 9.8 std devs below average",player,00-0040122,A.Jeanty,LV
3,A.Pierce,air_yards,receiver:pressure_label,Clean,19.5522,7.9564,9.511,67,"A.Pierce [receiver:pressure_label=Clean]: air_yards=19.552 vs league 7.956 (+11.596), n=67, z=9.51 — 9.5 std devs above average",player,00-0037664,A.Pierce,IND
4,K.Gainwell,xyac_epa,receiver:pressure_label,Clean,1.2196,0.7136,8.594,75,"K.Gainwell [receiver:pressure_label=Clean]: xyac_epa=1.220 vs league 0.714 (+0.506), n=75, z=8.59 — 8.6 std devs above average",player,00-0036919,K.Gainwell,PIT
5,K.Gainwell,comp_air_epa,receiver:pressure_label,Clean,-0.8893,0.1322,-8.54,75,"K.Gainwell [receiver:pressure_label=Clean]: comp_air_epa=-0.889 vs league 0.132 (-1.021), n=75, z=-8.54 — 8.5 std devs below average",player,00-0036919,K.Gainwell,PIT
6,A.Pierce,air_yards,receiver:shotgun_label,Shotgun,18.2899,8.092,8.577,69,"A.Pierce [receiver:shotgun_label=Shotgun]: air_yards=18.290 vs league 8.092 (+10.198), n=69, z=8.58 — 8.6 std devs above average",player,00-0037664,A.Pierce,IND
7,K.Gainwell,air_yards,receiver:pass_length,short,-0.4889,4.2779,-8.226,90,"K.Gainwell [receiver:pass_length=short]: air_yards=-0.489 vs league 4.278 (-4.767), n=90, z=-8.23 — 8.2 std devs below average",player,00-0036919,K.Gainwell,PIT
8,T.Spears,air_yards,receiver:pass_length,short,-2.3,4.2779,-8.46,50,"T.Spears [receiver:pass_length=short]: air_yards=-2.300 vs league 4.278 (-6.578), n=50, z=-8.46 — 8.5 std devs below average",player,00-0039032,T.Spears,TEN
9,K.Gainwell,comp_air_epa,receiver:pass_length,short,-0.802,-0.0357,-7.98,90,"K.Gainwell [receiver:pass_length=short]: comp_air_epa=-0.802 vs league -0.036 (-0.766), n=90, z=-7.98 — 8.0 std devs below average",player,00-0036919,K.Gainwell,PIT
10,K.Gainwell,xyac_epa,receiver:shotgun_label,Shotgun,1.1869,0.7213,8.008,81,"K.Gainwell [receiver:shotgun_label=Shotgun]: xyac_epa=1.187 vs league 0.721 (+0.466), n=81, z=8.01 — 8.0 std devs above average",player,00-0036919,K.Gainwell,PIT
11,T.Spears,comp_air_epa,receiver:shotgun_label,Shotgun,-1.127,0.1416,-8.349,48,"T.Spears [receiver:shotgun_label=Shotgun]: comp_air_epa=-1.127 vs league 0.142 (-1.269), n=48, z=-8.35 — 8.3 std devs below average",player,00-0039032,T.Spears,TEN
12,K.Gainwell,comp_air_epa,receiver:shotgun_label,Shotgun,-0.7666,0.1416,-7.86,83,"K.Gainwell [receiver:shotgun_label=Shotgun]: comp_air_epa=-0.767 vs league 0.142 (-0.908), n=83, z=-7.86 — 7.9 std devs below average",player,00-0036919,K.Gainwell,PIT
13,B.Robinson,yards_after_catch,receiver:pass_length,short,10.8481,5.1195,7.854,79,"B.Robinson [receiver:pass_length=short]: yards_after_catch=10.848 vs league 5.120 (+5.729), n=79, z=7.85 — 7.9 std devs above average",player,00-0038542,B.Robinson,ATL
14,T.Spears,comp_air_epa,receiver:pass_length,short,-1.0921,-0.0357,-8.199,50,"T.Spears [receiver:pass_length=short]: comp_air_epa=-1.092 vs league -0.036 (-1.056), n=50, z=-8.20 — 8.2 std devs below average",player,00-0039032,T.Spears,TEN
15,J.Warren,air_yards,receiver:pass_length,short,-2.3696,4.2779,-8.201,46,"J.Warren [receiver:pass_length=short]: air_yards=-2.370 vs league 4.278 (-6.647), n=46, z=-8.20 — 8.2 std devs below average",player,00-0037228,J.Warren,PIT
16,K.Gainwell,air_yards,receiver:pressure_label,Clean,-1.0,7.9564,-7.772,75,"K.Gainwell [receiver:pressure_label=Clean]: air_yards=-1.000 vs league 7.956 (-8.956), n=75, z=-7.77 — 7.8 std devs below average",player,00-0036919,K.Gainwell,PIT
17,T.Etienne,air_yards,receiver:pass_length,short,-1.5893,4.2779,-7.986,56,"T.Etienne [receiver:pass_length=short]: air_yards=-1.589 vs league 4.278 (-5.867), n=56, z=-7.99 — 8.0 std devs below average",player,00-0036973,T.Etienne,JAX
18,D.Achane,air_yards,receiver:pass_length,short,-0.3049,4.2779,-7.548,82,"D.Achane [receiver:pass_length=short]: air_yards=-0.305 vs league 4.278 (-4.583), n=82, z=-7.55 — 7.5 std devs below average",player,00-0039040,D.Achane,MIA
19,K.Shakir,xyac_epa,receiver:pressure_label,Clean,1.0953,0.7136,7.448,99,"K.Shakir [receiver:pressure_label=Clean]: xyac_epa=1.095 vs league 0.714 (+0.382), n=99, z=7.45 — 7.4 std devs above average",player,00-0037261,K.Shakir,BUF
20,R.White,air_yards,receiver:pass_length,short,-2.2667,4.2779,-7.986,45,"R.White [receiver:pass_length=short]: air_yards=-2.267 vs league 4.278 (-6.545), n=45, z=-7.99 — 8.0 std devs below average",player,00-0037256,R.White,TB
21,K.Gainwell,xyac_epa,receiver:pass_length,short,1.1814,0.751,7.434,88,"K.Gainwell [receiver:pass_length=short]: xyac_epa=1.181 vs league 0.751 (+0.430), n=88, z=7.43 — 7.4 std devs above average",player,00-0036919,K.Gainwell,PIT
22,K.Boutte,air_yards,receiver:pressure_label,Clean,17.7797,7.9564,7.561,59,"K.Boutte [receiver:pressure_label=Clean]: air_yards=17.780 vs league 7.956 (+9.823), n=59, z=7.56 — 7.6 std devs above average",player,00-0038608,K.Boutte,NE
23,T.Spears,comp_air_epa,receiver:pressure_label,Clean,-1.149,0.1322,-7.92,41,"T.Spears [receiver:pressure_label=Clean]: comp_air_epa=-1.149 vs league 0.132 (-1.281), n=41, z=-7.92 — 7.9 std devs below average",player,00-0039032,T.Spears,TEN
24,K.Gainwell,air_yards,receiver:shotgun_label,Shotgun,0.1566,8.092,-7.32,83,"K.Gainwell [receiver:shotgun_label=Shotgun]: air_yards=0.157 vs league 8.092 (-7.935), n=83, z=-7.32 — 7.3 std devs below average",player,00-0036919,K.Gainwell,PIT
25,B.Robinson,air_yards,receiver:pass_length,short,0.29,4.2779,-7.254,100,"B.Robinson [receiver:pass_length=short]: air_yards=0.290 vs league 4.278 (-3.988), n=100, z=-7.25 — 7.3 std devs below average",player,00-0038542,B.Robinson,ATL
26,A.Jeanty,xyac_epa,receiver:down_str,Down 1,1.0966,0.615,8.052,36,"A.Jeanty [receiver:down_str=Down 1]: xyac_epa=1.097 vs league 0.615 (+0.482), n=36, z=8.05 — 8.1 std devs above average",player,00-0040122,A.Jeanty,LV
27,C.Brown,air_yards,receiver:pass_length,short,0.0581,4.2779,-7.118,86,"C.Brown [receiver:pass_length=short]: air_yards=0.058 vs league 4.278 (-4.220), n=86, z=-7.12 — 7.1 std devs below average",player,00-0038597,C.Brown,CIN
28,C.Williams,time_to_throw,passer:pass_length,deep,3.8623,3.2496,7.113,159,"C.Williams [passer:pass_length=deep]: time_to_throw=3.862 vs league 3.250 (+0.613), n=159, z=7.11 — 7.1 std devs above average",player,00-0039918,C.Williams,CHI
29,C.Hubbard,xyac_epa,receiver:pass_length,short,1.4051,0.751,7.712,41,"C.Hubbard [receiver:pass_length=short]: xyac_epa=1.405 vs league 0.751 (+0.654), n=41, z=7.71 — 7.7 std devs above average",player,00-0036555,C.Hubbard,CAR
30,J.Taylor,air_yards,receiver:pass_length,short,-1.2593,4.2779,-7.401,54,"J.Taylor [receiver:pass_length=short]: air_yards=-1.259 vs league 4.278 (-5.537), n=54, z=-7.40 — 7.4 std devs below average",player,00-0036223,J.Taylor,IND
31,T.Tracy,xyac_epa,receiver:pressure_label,Clean,1.4256,0.7136,8.022,33,"T.Tracy [receiver:pressure_label=Clean]: xyac_epa=1.426 vs league 0.714 (+0.712), n=33, z=8.02 — 8.0 std devs above average",player,00-0039384,T.Tracy,NYG
32,K.Boutte,air_yards,receiver:shotgun_label,Shotgun,17.9091,8.092,7.372,55,"K.Boutte [receiver:shotgun_label=Shotgun]: air_yards=17.909 vs league 8.092 (+9.817), n=55, z=7.37 — 7.4 std devs above average",player,00-0038608,K.Boutte,NE
33,A.Jeanty,air_yards,receiver:pressure_label,Clean,-1.8393,7.9564,-7.345,56,"A.Jeanty [receiver:pressure_label=Clean]: air_yards=-1.839 vs league 7.956 (-9.796), n=56, z=-7.34 — 7.3 std devs below average",player,00-0040122,A.Jeanty,LV
34,R.Dowdle,air_yards,receiver:pass_length,short,-1.4118,4.2779,-7.391,51,"R.Dowdle [receiver:pass_length=short]: air_yards=-1.412 vs league 4.278 (-5.690), n=51, z=-7.39 — 7.4 std devs below average",player,00-0036139,R.Dowdle,CAR
35,T.Spears,air_yards,receiver:shotgun_label,Shotgun,-2.5208,8.092,-7.445,48,"T.Spears [receiver:shotgun_label=Shotgun]: air_yards=-2.521 vs league 8.092 (-10.613), n=48, z=-7.45 — 7.4 std devs below average",player,00-0039032,T.Spears,TEN
36,C.Brown,air_yards,receiver:shotgun_label,Shotgun,0.5529,8.092,-7.038,85,"C.Brown [receiver:shotgun_label=Shotgun]: air_yards=0.553 vs league 8.092 (-7.539), n=85, z=-7.04 — 7.0 std devs below average",player,00-0038597,C.Brown,CIN
37,A.Jeanty,air_yards,receiver:shotgun_label,Shotgun,-1.1695,8.092,-7.203,59,"A.Jeanty [receiver:shotgun_label=Shotgun]: air_yards=-1.169 vs league 8.092 (-9.261), n=59, z=-7.20 — 7.2 std devs below average",player,00-0040122,A.Jeanty,LV
38,J.Gibbs,air_yards,receiver:pass_length,short,0.3226,4.2779,-6.938,93,"J.Gibbs [receiver:pass_length=short]: air_yards=0.323 vs league 4.278 (-3.955), n=93, z=-6.94 — 6.9 std devs below average",player,00-0039139,J.Gibbs,DET
39,C.Hubbard,xyac_epa,receiver:shotgun_label,Shotgun,1.3559,0.7213,7.573,39,"C.Hubbard [receiver:shotgun_label=Shotgun]: xyac_epa=1.356 vs league 0.721 (+0.635), n=39, z=7.57 — 7.6 std devs above average",player,00-0036555,C.Hubbard,CAR
40,J.Williams,air_yards,receiver:pass_length,short,-1.3137,4.2779,-7.263,51,"J.Williams [receiver:pass_length=short]: air_yards=-1.314 vs league 4.278 (-5.592), n=51, z=-7.26 — 7.3 std devs below average",player,00-0036997,J.Williams,DAL
41,C.Ward,time_to_throw,passer:pressure_label,Pressure,4.2692,3.4091,6.868,130,"C.Ward [passer:pressure_label=Pressure]: time_to_throw=4.269 vs league 3.409 (+0.860), n=130, z=6.87 — 6.9 std devs above average",player,00-0040676,C.Ward,TEN
42,K.Gainwell,xyac_epa,receiver:pass_location,left,1.3043,0.7276,7.372,44,"K.Gainwell [receiver:pass_location=left]: xyac_epa=1.304 vs league 0.728 (+0.577), n=44, z=7.37 — 7.4 std devs above average",player,00-0036919,K.Gainwell,PIT
43,B.Robinson,yards_after_catch,receiver:shotgun_label,Shotgun,10.2899,4.8899,6.922,69,"B.Robinson [receiver:shotgun_label=Shotgun]: yards_after_catch=10.290 vs league 4.890 (+5.400), n=69, z=6.92 — 6.9 std devs above average",player,00-0038542,B.Robinson,ATL
44,B.Robinson,yards_after_catch,receiver:pressure_label,Clean,10.5455,5.0361,6.899,66,"B.Robinson [receiver:pressure_label=Clean]: yards_after_catch=10.546 vs league 5.036 (+5.509), n=66, z=6.90 — 6.9 std devs above average",player,00-0038542,B.Robinson,ATL
45,B.Robinson,air_yards,receiver:shotgun_label,Shotgun,1.0899,8.092,-6.688,89,"B.Robinson [receiver:shotgun_label=Shotgun]: air_yards=1.090 vs league 8.092 (-7.002), n=89, z=-6.69 — 6.7 std devs below average",player,00-0038542,B.Robinson,ATL
46,C.Hubbard,air_yards,receiver:pass_length,short,-1.9268,4.2779,-7.227,41,"C.Hubbard [receiver:pass_length=short]: air_yards=-1.927 vs league 4.278 (-6.205), n=41, z=-7.23 — 7.2 std devs below average",player,00-0036555,C.Hubbard,CAR
47,C.Williams,time_to_throw,passer:down_str,Down 1,3.219,2.7554,6.895,258,"C.Williams [passer:down_str=Down 1]: time_to_throw=3.219 vs league 2.755 (+0.464), n=258, z=6.89 — 6.9 std devs above average",player,00-0039918,C.Williams,CHI
48,K.Shakir,comp_air_epa,receiver:pressure_label,Clean,-0.5478,0.1322,-6.564,100,"K.Shakir [receiver:pressure_label=Clean]: comp_air_epa=-0.548 vs league 0.132 (-0.680), n=100, z=-6.56 — 6.6 std devs below average",player,00-0037261,K.Shakir,BUF
49,C.Williams,time_to_throw,passer:pressure_label,Pressure,4.1222,3.4091,6.625,176,"C.Williams [passer:pressure_label=Pressure]: time_to_throw=4.122 vs league 3.409 (+0.713), n=176, z=6.62 — 6.6 std devs above average",player,00-0039918,C.Williams,CHI
50,S.Barkley,air_yards,receiver:pass_length,short,-0.9057,4.2779,-6.864,53,"S.Barkley [receiver:pass_length=short]: air_yards=-0.906 vs league 4.278 (-5.184), n=53, z=-6.86 — 6.9 std devs below average",player,00-0034844,S.Barkley,PHI
